[
{
  "model": "accounts.user",
  "pk": 1,
  "fields": {
    "password": "pbkdf2_sha256$870000$6IE7qQL80ZAxwKvadKsgjO$O/zh6xpnvpYtAb31YxEJk0UrOoYRQFoMZhCz7cIgaVM=",
    "last_login": "2025-12-19T16:19:23.308Z",
    "is_superuser": true,
    "username": "admin",
    "first_name": "",
    "last_name": "",
    "is_staff": true,
    "date_joined": "2025-12-19T16:10:35.435Z",
    "email": "ramzikassab1982@gmail.com",
    "employee_id": null,
    "department": null,
    "position": null,
    "phone": "",
    "phone_extension": "",
    "mobile": "",
    "profile_photo": "",
    "signature": "",
    "language": "en",
    "timezone": "Asia/Riyadh",
    "theme": null,
    "is_active": true,
    "last_activity": null,
    "groups": [],
    "user_permissions": []
  }
},
{
  "model": "accounts.userpreference",
  "pk": 1,
  "fields": {
    "user": 1,
    "default_dashboard": "main",
    "dashboard_widgets": {
      "main": [
        {
          "id": "work_orders_summary",
          "size": "medium",
          "order": 1,
          "visible": true,
          "color": "lime",
          "color_intensity": "medium",
          "bg_style": "glass",
          "border_style": "top",
          "border_size": "medium",
          "text_size": "normal",
          "border_radius": "rounded",
          "show_header": true
        },
        {
          "id": "drill_bits_status",
          "size": "small",
          "order": 2,
          "visible": true,
          "color": "lime",
          "color_intensity": "medium",
          "bg_style": "glass",
          "border_style": "top",
          "border_size": "medium",
          "text_size": "normal",
          "border_radius": "rounded",
          "show_header": true
        },
        {
          "id": "recent_work_orders",
          "size": "large",
          "order": 3,
          "visible": true,
          "color": "lime",
          "color_intensity": "medium",
          "bg_style": "glass",
          "border_style": "top",
          "border_size": "medium",
          "text_size": "normal",
          "border_radius": "rounded",
          "show_header": true
        },
        {
          "id": "quick_links",
          "size": "small",
          "order": 4,
          "visible": true,
          "color": "lime",
          "color_intensity": "medium",
          "bg_style": "glass",
          "border_style": "top",
          "border_size": "medium",
          "text_size": "normal",
          "border_radius": "rounded",
          "show_header": true
        }
      ]
    },
    "email_notifications": true,
    "push_notifications": true,
    "notification_sound": true,
    "items_per_page": 25,
    "date_format": "DD/MM/YYYY",
    "time_format": "HH:mm",
    "sidebar_collapsed": false,
    "favorite_modules": [],
    "updated_at": "2025-12-19T16:19:50.501Z"
  }
},
{
  "model": "dashboard.saveddashboard",
  "pk": 1,
  "fields": {
    "name": "Ramzi",
    "description": "",
    "icon": "shield-check",
    "created_by": 1,
    "widget_config": [
      {
        "id": "work_orders_summary",
        "size": "medium",
        "order": 1,
        "visible": true,
        "color": "lime",
        "color_intensity": "medium",
        "bg_style": "glass",
        "border_style": "top",
        "border_size": "medium",
        "text_size": "normal",
        "border_radius": "rounded",
        "show_header": true
      },
      {
        "id": "drill_bits_status",
        "size": "small",
        "order": 2,
        "visible": true,
        "color": "lime",
        "color_intensity": "medium",
        "bg_style": "glass",
        "border_style": "top",
        "border_size": "medium",
        "text_size": "normal",
        "border_radius": "rounded",
        "show_header": true
      },
      {
        "id": "recent_work_orders",
        "size": "large",
        "order": 3,
        "visible": true,
        "color": "lime",
        "color_intensity": "medium",
        "bg_style": "glass",
        "border_style": "top",
        "border_size": "medium",
        "text_size": "normal",
        "border_radius": "rounded",
        "show_header": true
      },
      {
        "id": "quick_links",
        "size": "small",
        "order": 4,
        "visible": true,
        "color": "lime",
        "color_intensity": "medium",
        "bg_style": "glass",
        "border_style": "top",
        "border_size": "medium",
        "text_size": "normal",
        "border_radius": "rounded",
        "show_header": true
      }
    ],
    "visibility": "PRIVATE",
    "is_default": false,
    "show_in_sidebar": true,
    "is_active": true,
    "created_at": "2025-12-19T16:20:07.558Z",
    "updated_at": "2025-12-19T16:20:07.558Z",
    "shared_with_roles": []
  }
},
{
  "model": "workorders.bitsize",
  "pk": 1,
  "fields": {
    "code": "3.750",
    "size_decimal": "3.750",
    "size_display": "3 3/4\"",
    "size_inches": "3 3/4",
    "is_active": true
  }
},
{
  "model": "workorders.bitsize",
  "pk": 2,
  "fields": {
    "code": "3.875",
    "size_decimal": "3.875",
    "size_display": "3 7/8\"",
    "size_inches": "3 7/8",
    "is_active": true
  }
},
{
  "model": "workorders.bitsize",
  "pk": 3,
  "fields": {
    "code": "4.750",
    "size_decimal": "4.750",
    "size_display": "4 3/4\"",
    "size_inches": "4 3/4",
    "is_active": true
  }
},
{
  "model": "workorders.bitsize",
  "pk": 4,
  "fields": {
    "code": "5.875",
    "size_decimal": "5.875",
    "size_display": "5 7/8\"",
    "size_inches": "5 7/8",
    "is_active": true
  }
},
{
  "model": "workorders.bitsize",
  "pk": 5,
  "fields": {
    "code": "6.000",
    "size_decimal": "6.000",
    "size_display": "6\"",
    "size_inches": "6",
    "is_active": true
  }
},
{
  "model": "workorders.bitsize",
  "pk": 6,
  "fields": {
    "code": "6.125",
    "size_decimal": "6.125",
    "size_display": "6 1/8\"",
    "size_inches": "6 1/8",
    "is_active": true
  }
},
{
  "model": "workorders.bitsize",
  "pk": 7,
  "fields": {
    "code": "6.500",
    "size_decimal": "6.500",
    "size_display": "6 1/2\"",
    "size_inches": "6 1/2",
    "is_active": true
  }
},
{
  "model": "workorders.bitsize",
  "pk": 8,
  "fields": {
    "code": "6.750",
    "size_decimal": "6.750",
    "size_display": "6 3/4\"",
    "size_inches": "6 3/4",
    "is_active": true
  }
},
{
  "model": "workorders.bitsize",
  "pk": 9,
  "fields": {
    "code": "7.875",
    "size_decimal": "7.875",
    "size_display": "7 7/8\"",
    "size_inches": "7 7/8",
    "is_active": true
  }
},
{
  "model": "workorders.bitsize",
  "pk": 10,
  "fields": {
    "code": "8.375",
    "size_decimal": "8.375",
    "size_display": "8 3/8\"",
    "size_inches": "8 3/8",
    "is_active": true
  }
},
{
  "model": "workorders.bitsize",
  "pk": 11,
  "fields": {
    "code": "8.500",
    "size_decimal": "8.500",
    "size_display": "8 1/2\"",
    "size_inches": "8 1/2",
    "is_active": true
  }
},
{
  "model": "workorders.bitsize",
  "pk": 12,
  "fields": {
    "code": "8.750",
    "size_decimal": "8.750",
    "size_display": "8 3/4\"",
    "size_inches": "8 3/4",
    "is_active": true
  }
},
{
  "model": "workorders.bitsize",
  "pk": 13,
  "fields": {
    "code": "9.500",
    "size_decimal": "9.500",
    "size_display": "9 1/2\"",
    "size_inches": "9 1/2",
    "is_active": true
  }
},
{
  "model": "workorders.bitsize",
  "pk": 14,
  "fields": {
    "code": "9.875",
    "size_decimal": "9.875",
    "size_display": "9 7/8\"",
    "size_inches": "9 7/8",
    "is_active": true
  }
},
{
  "model": "workorders.bitsize",
  "pk": 15,
  "fields": {
    "code": "10.625",
    "size_decimal": "10.625",
    "size_display": "10 5/8\"",
    "size_inches": "10 5/8",
    "is_active": true
  }
},
{
  "model": "workorders.bitsize",
  "pk": 16,
  "fields": {
    "code": "12.250",
    "size_decimal": "12.250",
    "size_display": "12 1/4\"",
    "size_inches": "12 1/4",
    "is_active": true
  }
},
{
  "model": "workorders.bitsize",
  "pk": 17,
  "fields": {
    "code": "14.750",
    "size_decimal": "14.750",
    "size_display": "14 3/4\"",
    "size_inches": "14 3/4",
    "is_active": true
  }
},
{
  "model": "workorders.bitsize",
  "pk": 18,
  "fields": {
    "code": "17.500",
    "size_decimal": "17.500",
    "size_display": "17 1/2\"",
    "size_inches": "17 1/2",
    "is_active": true
  }
}